jmseribesut@jmfleet.com.my,JM SERI BESUT,PETROFAC MALAYSIA
haiduong58@haduco.com.vn,HAI DUONG 58,PETROFAC MALAYSIA
jmhadhari@jmfleet.com.my,JM HADHARI,PETROFAC MALAYSIA
mk6@stationsatcommail.com,MK ENAM,JXNIPPON
vanessa9@ipsignature3.net,VANESSA 9,JXNIPPON
bimaLapan@sribima.commbox.com,BIMA LAPAN,MUBADALA PETROLEUM
neopetro10@iec-optisoft.com,NEOPETRO 10,MUBADALA PETROLEUM
slk179@asiasealink.com,SEALINK 179,PTTEP
Slk178@ipsignature3.net,SEALINK 178,PTTEP
jmehsan@jmfleet.com.my,JM EHSAN,PTTEP
centusone@centus.commbox.com,CENTUS ONE,PTTEP
centusthree@centus.commbox.com,CENTUS THREE,PTTEP
centustwo@centus.commbox.com,CENTUS TWO,PTTEP
ece@eopl.gtmailplus.com,EXECUTIVE COURAGE,PTTEP
jmpermai@jmfleet.com.my,JM PERMAI,PTTEP
jmpurnama@jmfleet.com.my,JM PURNAMA,PTTEP
jmsepoi@jmfleet.com.my,JM SEPOI,PTTEP
jmsetia@jmfleet.com.my,JM SETIA,PTTEP
master.compassion@keyfieldoffshore.com,KEYFIELD COMPASSION,PTTEP
taqwaadam14@gmail.com,MV TAQWA ADAM,PTTEP
skpatriot@skom.com.my,SK PATRIOT,PTTEP
yinsonperwira@stationsatcommail.com,YINSON PERWIRA,PTTEP
express.alpha@jvcmega.com.my,EXPRESS ALPHA,PFLNG SATU
ntp23@ipsignature3.net,NTP 23,PFLNG SATU
ntp27@ipsignature3.net,NTP 27,PFLNG SATU
ntp29@ipsignature3.net,NTP 29,PFLNG SATU
skprodigy@skom.com.my,SK PRODIGY,PFLNG SATU
suryasubang@gtmailplus.com,SURYA SUBANG,HESS MALAYSIA
mmteguh@jmfleet.com.my,MM TEGUH,HESS MALAYSIA
perdanamarathon@perdana.my,PERDANA MARATHON,PETRONAS
skpioneer@skom.com.my,SK PIONEER,PETRONAS
saman.bridge@sapuraenergy.com,SAPURA AMAN,PETRONAS
skpower@skom.com.my,SK POWER,PETRONAS
nuramanah@ipsignature3.net,NUR AMANAH,PGS SABAH
jmbayu@jmfleet.com.my,JM BAYU,HESS MALAYSIA
jasondua@asiasealink.com,JASON DUA,PFLNG SATU
marinevirtue@gof.com.my,DOLPHIN SATU,PETRONAS
haiduong85@haduco.com.vn,HAI DUONG 85,PETRONAS
cassandra9@ipsignature3.net,CASSANDRA 9,PETROFAC MALAYSIA
bluepetra2@canopus-mail.com,BLUEPETRA 2,PETROFAC MALAYSIA
jatifour@dinastiajati.com,JATI FOUR,JXNIPPON