gom3@nimailplus.com,GRADE ONE MANJUNG 3,ENQUEST
gom7@gtmailplus.com,GRADE ONE MANJUNG 7,ENQUEST
haiduong09@haduco.com.vn,HAI DUONG 09,ENQUEST
jmmurni@jmfleet.com.my,JM MURNI,ENQUEST
BluePetra1@canopus-mail.com,MV BLUE PETRA 1,ENQUEST
ntp30@ipsignature3.net,NTP 30,ENQUEST
psv.pristinebeta@gmail.com,PRISTINE BETA,ENQUEST
robustone@centus.commbox.com,ROBUST ONE,ENQUEST
skkinetik@skom.com.my,SK KINETIK,ENQUEST
skpurpose@skom.com.my,SK PURPOSE,ENQUEST
AishahAims1@canopus-mail.com,AISHAH AIMS 1,JADESTONE ENERGY
Myy.Aleeya@iec-optisoft.com,MYY ALEEYA,JADESTONE ENERGY
bimaLapan@sribima.commbox.com,BIMA LAPAN,MUBADALA PETROLEUM
hdwira@hdcrms.com,HD WIRA,PETROFAC MALAYSIA
jmhadhari@jmfleet.com.my,JM HADHARI,PETROFAC MALAYSIA
centusten@centus.commbox.com,CENTUS TEN,PFLNG SATU
jasondua@asiasealink.com,JASON DUA,PFLNG SATU
ntp23@ipsignature3.net,NTP 23,PFLNG SATU
ntp27@ipsignature3.net,NTP 27,PFLNG SATU
ntp28@ipsignature3.net,NTP 28,PFLNG SATU
ntp29@ipsignature3.net,NTP 29,PFLNG SATU
ntp37@ipsignature3.net,NTP 37,PFLNG SATU
BOURBONEXPLORER515@bourbon-online.com,BOURBON EXPLORER 515,PTTEP
centusone@centus.commbox.com,CENTUS ONE,PTTEP
centusthree@centus.commbox.com,CENTUS THREE,PTTEP
centustwo@centus.commbox.com,CENTUS TWO,PTTEP
express.alpha@outlook.com,EXPRESS ALPHA,PTTEP
master@intanratu.ss.commbox.com,INTAN RATU,PTTEP
jmpermai@jmfleet.com.my,JM PERMAI ,PTTEP
jmpurnama@jmfleet.com.my,JM PURNAMA,PTTEP
master.compassion@keyfieldoffshore.com,KEYFIELD COMPASSION,PTTEP
taqwaadam14@gmail.com,MV TAQWA ADAM,PTTEP
osone@pristine-offshore.com,OS ONE,PTTEP
slk178@asiasealink.com,SEALINK 178 ,PTTEP
skparagon@skom.com.my,SK PARAGON,PTTEP
yinsonperwira@stationsatcommail.com,YINSON PERWIRA,PTTEP
bridge.columbia@marine-mail.com,GH COLUMBIA,PETRONAS
ro.petragalaxy@gmail.com,PETRA GALAXY,PETRONAS
jayacoastalvdr@gmail.com,PSALM 38,PETRONAS
jmsalam@jmfleet.com.my,JM SALAM,PETRONAS
kasmarine1@fleetmail.inmarsat.com,KAS MARINE,PETRONAS
bridge.mk2@stationsatcommail.com,MK2,PETRONAS
skpower@skom.com.my,SK POWER,PETRONAS
pioneer.bridge@gtships.com,MV PIONEER,PETRONAS
pacific.gannet@tdw.com,PACIFIC GANNET,PETRONAS
mp.dynamic@skom.com.my,MP DYNAMIC,PETRONAS
ete@eopl.gtmailplus.com,EXECUTIVE TIDE,PETRONAS
iconzara@iconoffshore.com.my,ICON ZARA,PETRONAS
Surya.hana@ipsignature3.net,HANA,PETRONAS
master.ims.aman@keyfieldoffshore.com,IMS AMAN,PETRONAS
assbhaidah@gmail.com,AJANG HAIDAH,PETRONAS
skprime@skom.com.my,SK PRIME,PETRONAS
jmbayu@jmfleet.com.my,JM BAYU,PETRONAS
sduyong.bridge@sapuraenergy.com,SAPURA DUYONG,PETRONAS